clusters,0,1,2,3
0,4.9,3.6,1.6,0.2
1,6.5,3.0,5.3,2.1500000000000004
2,4.65,3.1,1.4,0.2
3,5.1,3.5,1.4,0.35
4,6.9,3.0,4.9,1.5
5,6.0,2.8499999999999996,4.55,1.35
6,5.2,3.55,1.5,0.2
7,5.9,3.0,4.85,1.8
8,6.6,2.7,4.85,1.5
9,5.5,2.4,3.75,1.1
